,count,mean,std,min,25%,50%,75%,max,missing_pct
Age,2087.0,24.297385630330616,6.145968528326746,14.0,19.9159375,22.847618,26.0,44.252187500000005,0.0
Height,2087.0,1.7026741221849544,0.09318594231105749,1.45,1.6301785,1.701584,1.7694915,1.98,0.0
Weight,2087.0,86.85872961427887,26.190847077225726,39.0,66.0,83.1011,108.015907,173.0,0.0
FCVC,2087.0,2.4214661729755633,0.5347365926503973,1.0,2.0,2.396265,3.0,3.0,0.0
NCP,2087.0,2.800386395783421,0.551062268166342,1.7898680000000002,2.697467,3.0,3.0,3.907599,0.0
CH2O,2087.0,2.004749436511739,0.6082843679411916,1.0,1.5909215,2.0,2.4661925,3.0,0.0
FAF,2087.0,1.0128119003354095,0.8534746744566863,0.0,0.124505,1.0,1.678102,3.0,0.0
TUE,2087.0,0.6630354408241496,0.6081532820829891,0.0,0.0,0.630866,1.0,2.0,0.0
